Stock Number,EAN,Man Code,Title,Product Group,Image URL,Price,Width,Aspect Ratio,Rim,Speed Rating,Load Index,Reinforced,Vehicle Type,Product Type,Runflat,Rolling Resistance,Wet Grip,Noise Performance,Noise Performance,Quantity,Brand,Model
3053021ZPI3832000,8.01923E+12,3832000,305/30R21 PIRELLI P-ZERO (PZ4) 100Y (NA1),Tyres,https://dcjqgkl774ppl.cloudfront.net/tyrecat/pzero.png,270.15,305,30,21,Y,100,,CAR,SUMMER,None Runflat,D,A,73,2,1,PIRELLI,P-ZERO (PZ4)
2454520ZPI2632500,8.01923E+12,2632500,"245/45R20 PIRELLI P-ZERO (PZ4) 103W XL (VOL)NCS ""SPECIAL TO CLEAR WAS £196.00""",Tyres,https://dcjqgkl774ppl.cloudfront.net/tyrecat/pzero.png,99.75,245,45,20,W,103,XL,4X4 / SUV,SUMMER,None Runflat,C,B,70,2,1,PIRELLI,P-ZERO (PZ4)
2254018YBRTURANZAT00592XL,3.28634E+12,25700,225/40R18 92Y BRIDGESTONE TURANZA T005 XL *,Tyres,https://dcjqgkl774ppl.cloudfront.net/tyrecat/t005-.png,71.96,225,40,18,Y,92,XL,CAR,SUMMER,None Runflat,A,B,70,2,1,BRIDGESTONE,TURANZA T005
2854522ZJI3229005347,6.92225E+12,3229005347,285/45R22 JINYU YS82 CROSS SPORT 114W XL,Tyres,https://dcjqgkl774ppl.cloudfront.net/58/MODEL/ys82.jpg,80,285,45,22,W,114,XL,4X4 / SUV,SUMMER,None Runflat,C,B,71,1,2,JINYU,Crosspro YS82
2355518VVRQUATRACPRO104XL,8.71469E+12,,235/55R18 104V VREDESTEIN QUATRAC PRO XL,Tyres,https://dcjqgkl774ppl.cloudfront.net/tyrecat/quatrac-pro.png,83.76,235,55,18,V,104,XL,4X4 / SUV,ALL SEASON,None Runflat,C,B,72,2,1,VREDESTEIN,QUATRAC PRO
2254018YBRPOTENZAS00592XL,3.28634E+12,25714,225/40R18 92Y BRIDGESTONE POTENZA S005 XL (+) SPECIAL PRICE SELL ***** X 1 ONLY,Tyres,https://dcjqgkl774ppl.cloudfront.net/tyrecat/bridgestone/potenzas005_s005.png,66.17,225,40,18,Y,92,XL,CAR,SUMMER,None Runflat,C,A,72,2,1,BRIDGESTONE,POTENZA S005
2655020VHIVIGOROUSHP801111XL,6.95391E+12,200H3017,265/50R20 111V HIFLY VIGOROUS HP801 XL,Tyres,https://dcjqgkl774ppl.cloudfront.net/tyrecat/hp801.png,64.9,265,50,20,V,111,XL,4X4 / SUV,SUMMER,None Runflat,C,E,72,2,1,HIFLY,VIGOROUS HP801
2355018VGO532075,5.452E+12,532075,235/50R18 GOODYEAR EAGLE F1 (ASYMMETRIC) 3 SUV 97V SL,Tyres,http://images.tyresoft.biz/tyrecat/eaglef1a3suv.png,82.24,235,50,18,V,97,SL,4X4 / SUV,SUMMER,None Runflat,C,A,69,2,2,GOODYEAR,EAGLE F1 (ASYMMETRIC) 3 SUV
2354019YBR21523,3.28634E+12,21523,235/40R19 96Y BRIDGESTONE POTENZA SPORT XL,Tyres,https://dcjqgkl774ppl.cloudfront.net/tyrecat/bridgestone/potenzasport_potenza_sport.png,122.87,235,40,19,Y,96,XL,CAR,SUMMER,None Runflat,D,A,72,2,2,BRIDGESTONE,POTENZA SPORT
2556517HDEDH7110,6.90153E+12,6.90153E+12,255/65R17 110H DELINTE DH7,Tyres,https://dcjqgkl774ppl.cloudfront.net/tyrecat/dh7.jpg,46.95,255,65,17,H,110,,4X4 / SUV,ALL SEASON,None Runflat,C,B,72,2,1,DELINTE,DH7
1757014TVRAP17570014TTT2A00,8.71469E+12,,175/70R14 84T VREDESTEIN T-TRAC 2,Tyres,https://dcjqgkl774ppl.cloudfront.net/tyrecat/t-trac2.png,42.18,175,70,14,T,84,,CAR,SUMMER,None Runflat,C,B,70,2,1,VREDESTEIN,T-TRAC 2
1757014TLIGREENMAXVAN4S95/93,6.95996E+12,221014224,175/70R14 95/93T LINGLONG GREENMAX VAN 4S,Tyres,https://dcjqgkl774ppl.cloudfront.net/tyrecat/linglong/g-masvan_g-mas.png,23.45,175,70,14,T,95/93,,,,None Runflat,D,B,73,2,3,Linglong,GREENMAX VAN 4S
2854022YCOSPORTCONTACT6110XL-1,4.01924E+12,3570150000,285/40R22 110Y CONTINENTAL SPORTCONTACT 6 XL AO,Tyres,https://dcjqgkl774ppl.cloudfront.net/tyrecat/sportcontact-6-tire-image.png,247.4,285,40,22,Y,110,XL,CAR,SUMMER,None Runflat,C,A,75,2,4,CONTINENTAL,SPORTCONTACT 6
1856514HVRAP18565014HSP5A00,8.71469E+12,,185/65R14 86H VREDESTEIN SPORTRAC 5,Tyres,http://images.tyresoft.biz/tyrecat/sportrac_5.png,41.04,185,65,14,H,86,,CAR,SUMMER,None Runflat,E,B,70,2,2,VREDESTEIN,SPORTRAC 5
2254519WDAPROTOURASPORT96XL,5.06041E+12,505459,225/45R19 96W DAVANTI PROTOURA SPORT XL,Tyres,https://dcjqgkl774ppl.cloudfront.net/tyrecat/davanti/protourasport_protourasport_angle_shadow_website.png,87.95,225,45,19,W,96,XL,CAR,SUMMER,None Runflat,C,B,70,2,4,DAVANTI,PROTOURA SPORT
2054017YDAPROTOURASPORT84XL,5.06041E+12,505455,205/40R17 84Y DAVANTI PROTOURA SPORT XL,Tyres,https://dcjqgkl774ppl.cloudfront.net/tyrecat/davanti/protourasport_protourasport_angle_shadow_website.png,45.95,205,40,17,Y,84,XL,CAR,SUMMER,None Runflat,C,B,70,2,2,DAVANTI,PROTOURA SPORT
2355018WDAPROTOURASPORT101XL,5.06041E+12,505458,235/50R18 101W DAVANTI PROTOURA SPORT XL,Tyres,https://dcjqgkl774ppl.cloudfront.net/tyrecat/davanti/protourasport_protourasport.png,75.95,235,50,18,W,101,XL,CAR,SUMMER,None Runflat,C,B,70,2,4,DAVANTI,PROTOURA SPORT
2256017HDADX74099,5.06041E+12,505160,225/60R17 99H DAVANTI DX740,Tyres,https://dcjqgkl774ppl.cloudfront.net/tyrecat/dx740.png,67.95,225,60,17,H,99,,CAR,SUMMER,None Runflat,B,B,69,2,3,DAVANTI,DX740
2255518WDADX740102XL,5.06041E+12,505159,225/55R18 102W DAVANTI DX740 XL,Tyres,https://dcjqgkl774ppl.cloudfront.net/tyrecat/dx740.png,73.95,225,55,18,W,102,XL,CAR,SUMMER,None Runflat,B,B,69,1,4,DAVANTI,DX740
2255018WDAPROTOURASPORT99XL,5.06041E+12,505446,225/50R18 99W DAVANTI PROTOURA SPORT XL,Tyres,https://dcjqgkl774ppl.cloudfront.net/tyrecat/davanti/protourasport�_protoura.png,69.95,225,50,18,W,99,XL,CAR,SUMMER,None Runflat,C,B,70,2,4,DAVANTI,PROTOURA SPORT
2256018VDADX740100,5.06041E+12,505161,225/60R18 100V DAVANTI DX740,Tyres,https://dcjqgkl774ppl.cloudfront.net/tyrecat/dx740.png,70.95,225,60,18,V,100,,CAR,SUMMER,None Runflat,B,B,69,2,4,DAVANTI,DX740
2255017YDADX64098XL,5.06041E+12,505100,225/50R17 98Y DAVANTI DX640 XL,Tyres,https://dcjqgkl774ppl.cloudfront.net/tyrecat/dx640.png,55.95,225,50,17,Y,98,XL,CAR,SUMMER,None Runflat,C,B,68,1,5,DAVANTI,DX640
2354018WDADX64095XL,5.06041E+12,505105,235/40R18 95W DAVANTI DX640 XL,Tyres,https://dcjqgkl774ppl.cloudfront.net/tyrecat/dx640.png,57.95,235,40,18,W,95,XL,CAR,SUMMER,None Runflat,C,B,68,1,4,DAVANTI,DX640
2156017HGOEFFICIENTGRIPCARGO109/107,5.452E+12,546823,215/60R17 109/107H GOODYEAR EFFICIENTGRIP CARGO,Tyres,https://dcjqgkl774ppl.cloudfront.net/tyrecat/efficientgrip_cargo.png,117.95,215,60,17,H,109/107,,VAN,SUMMER,None Runflat,B,A,68,1,1,GOODYEAR,EFFICIENTGRIP CARGO
2255519VDADX64099,5.06041E+12,505245,225/55R19 99V DAVANTI DX640,Tyres,https://dcjqgkl774ppl.cloudfront.net/tyrecat/dx640.png,77.95,225,55,19,V,99,,CAR,SUMMER,None Runflat,B,B,68,1,4,DAVANTI,DX640
2255516WDADX39099XL,5.06041E+12,505215,225/55R16 99W DAVANTI DX390 XL,Tyres,https://dcjqgkl774ppl.cloudfront.net/tyrecat/dx390.png,56.95,225,55,16,W,99,XL,CAR,SUMMER,None Runflat,B,B,69,1,4,DAVANTI,DX390
2255517WDADX640101XL,5.06041E+12,505102,225/55R17 101W DAVANTI DX640 XL,Tyres,https://dcjqgkl774ppl.cloudfront.net/tyrecat/dx640.png,56.95,225,55,17,W,101,XL,CAR,SUMMER,None Runflat,B,B,68,1,4,DAVANTI,DX640
1955520HDADX39095XL,5.06041E+12,505441,195/55R20 95H DAVANTI DX390 XL,Tyres,https://dcjqgkl774ppl.cloudfront.net/tyrecat/dx390.png,57.95,195,55,20,H,95,XL,CAR,SUMMER,None Runflat,C,B,68,1,2,DAVANTI,DX390
2256517VDADX740106XL,5.06041E+12,505219,225/65R17 106V DAVANTI DX740 XL,Tyres,https://dcjqgkl774ppl.cloudfront.net/tyrecat/dx740.png,63.95,225,65,17,V,106,XL,4X4 / SUV,SUMMER,None Runflat,B,B,69,1,2,DAVANTI,DX740
2355518YDADX640104XL,5.06041E+12,505234,235/55R18 104Y DAVANTI DX640 XL,Tyres,https://dcjqgkl774ppl.cloudfront.net/tyrecat/dx640.png,71.95,235,55,18,Y,104,XL,CAR,SUMMER,None Runflat,B,B,68,1,4,DAVANTI,DX640
2355519VDADX640105XL,5.06041E+12,505241,235/55R19 105V DAVANTI DX640 XL,Tyres,https://dcjqgkl774ppl.cloudfront.net/tyrecat/dx640.png,81.95,235,55,19,V,105,XL,CAR,SUMMER,None Runflat,B,B,68,1,4,DAVANTI,DX640
2355019VDADX64099,5.06041E+12,505110,235/50R19 99V DAVANTI DX640,Tyres,https://dcjqgkl774ppl.cloudfront.net/tyrecat/dx640.png,81.95,235,50,19,V,99,,CAR,SUMMER,None Runflat,B,B,68,1,2,DAVANTI,DX640
2355517WDADX640103XL,5.06041E+12,505220,235/55R17 103W DAVANTI DX640 XL,Tyres,https://dcjqgkl774ppl.cloudfront.net/tyrecat/dx640.png,70.95,235,55,17,W,103,XL,4X4 / SUV,SUMMER,None Runflat,B,B,68,1,4,DAVANTI,DX640
2353519WDADX64091XL,5.06041E+12,505103,235/35R19 91W DAVANTI DX640 XL,Tyres,https://dcjqgkl774ppl.cloudfront.net/tyrecat/dx640.png,63.95,235,35,19,W,91,XL,CAR,SUMMER,None Runflat,B,B,68,1,2,DAVANTI,DX640
2257516RDADX440121/12010PR,5.06041E+12,505077,225/75R16 121/120R DAVANTI DX440 10PR,Tyres,https://dcjqgkl774ppl.cloudfront.net/tyrecat/dx440.png,67.95,225,75,16,R,121/120,10PR,VAN,SUMMER,None Runflat,C,C,72,2,3,DAVANTI,DX440
2054518VGOEAGLEF1(ASYMMETRIC)390XL,5.452E+12,547270,205/45R18 90V GOODYEAR EAGLE F1 (ASYMMETRIC) 3 XL,Tyres,https://dcjqgkl774ppl.cloudfront.net/tyrecat/eaglef1asym3.png,89.9,205,45,18,V,90,XL,CAR,SUMMER,None Runflat,B,A,72,2,1,GOODYEAR,EAGLE F1 (ASYMMETRIC) 3
2054018WDAPROTOURASPORT86XL,5.06041E+12,505444,205/40R18 86W DAVANTI PROTOURA SPORT XL,Tyres,https://dcjqgkl774ppl.cloudfront.net/tyrecat/davanti/protourasport�_protoura.png,63.95,205,40,18,W,86,XL,CAR,SUMMER,None Runflat,C,B,70,2,2,DAVANTI,PROTOURA SPORT
2453520WDADX64095XL,5.06041E+12,505254,245/35R20 95W DAVANTI DX640 XL,Tyres,https://dcjqgkl774ppl.cloudfront.net/tyrecat/dx640.png,78.95,245,35,20,W,95,XL,CAR,SUMMER,None Runflat,B,B,68,1,2,DAVANTI,DX640
2356517VDADX740108XL,5.06041E+12,505164,235/65R17 108V DAVANTI DX740 XL,Tyres,https://dcjqgkl774ppl.cloudfront.net/tyrecat/dx740.png,69.95,235,65,17,V,108,XL,CAR,SUMMER,None Runflat,B,B,69,1,2,DAVANTI,DX740
2356018VDADX740107XL,5.06041E+12,505163,235/60R18 107V DAVANTI DX740 XL,Tyres,https://dcjqgkl774ppl.cloudfront.net/tyrecat/dx740.png,73.95,235,60,18,V,107,XL,CAR,SUMMER,None Runflat,B,B,69,1,3,DAVANTI,DX740
2355017YDADX64096,5.06041E+12,505111,235/50R17 96Y DAVANTI DX640,Tyres,https://dcjqgkl774ppl.cloudfront.net/tyrecat/dx640.png,59.95,235,50,17,Y,96,,CAR,SUMMER,None Runflat,B,B,68,1,4,DAVANTI,DX640
2754018WDYHISCEND-HMSU01103XL,6.92225E+12,3220010921,275/40R18 103W DYNAMO HISCEND-H MSU01 XL,Tyres,https://dcjqgkl774ppl.cloudfront.net/tyrecat/dynamo/hiscend-hmsu01_msu01.png,45,275,40,18,W,103,XL,,,None Runflat,D,B,71,2,2,DYNAMO,HISCEND-H MSU01
2354519WDADX64099XL,5.06041E+12,505109,235/45R19 99W DAVANTI DX640 XL,Tyres,https://dcjqgkl774ppl.cloudfront.net/tyrecat/dx640.png,78.95,235,45,19,W,99,XL,CAR,SUMMER,None Runflat,B,B,68,1,3,DAVANTI,DX640
2354517WDADX64097XL,5.06041E+12,505107,235/45R17 97W DAVANTI DX640 XL,Tyres,https://dcjqgkl774ppl.cloudfront.net/tyrecat/dx640.png,52.95,235,45,17,W,97,XL,CAR,SUMMER,None Runflat,B,B,68,1,2,DAVANTI,DX640
2354518WDADX64098XL,5.06041E+12,505108,235/45R18 98W DAVANTI DX640 XL,Tyres,https://dcjqgkl774ppl.cloudfront.net/tyrecat/dx640.png,62.95,235,45,18,W,98,XL,CAR,SUMMER,None Runflat,B,B,68,1,2,DAVANTI,DX640
2555518WDADX640109XL,5.06041E+12,505136,255/55R18 109W DAVANTI DX640 XL,Tyres,https://dcjqgkl774ppl.cloudfront.net/tyrecat/dx640.png,73.95,255,55,18,W,109,XL,CAR,SUMMER,None Runflat,B,B,70,1,2,DAVANTI,DX640
2555519VDADX640111XL,5.06041E+12,505135,255/55R19 111V DAVANTI DX640 XL,Tyres,https://dcjqgkl774ppl.cloudfront.net/tyrecat/dx640.png,80.95,255,55,19,V,111,XL,CAR,SUMMER,None Runflat,B,B,70,1,2,DAVANTI,DX640
2555020YDADX640109XL,5.06041E+12,505134,255/50R20 109Y DAVANTI DX640 XL,Tyres,https://dcjqgkl774ppl.cloudfront.net/tyrecat/dx640.png,88.95,255,50,20,Y,109,XL,CAR,SUMMER,None Runflat,B,B,70,1,2,DAVANTI,DX640
2556018VDADX740112XL,5.06041E+12,505166,255/60R18 112V DAVANTI DX740 XL,Tyres,https://dcjqgkl774ppl.cloudfront.net/tyrecat/dx740.png,77.95,255,60,18,V,112,XL,CAR,SUMMER,None Runflat,B,B,70,1,4,DAVANTI,DX740
2754520YDADX640110XL,5.06041E+12,505151,275/45R20 110Y DAVANTI DX640 XL,Tyres,https://dcjqgkl774ppl.cloudfront.net/tyrecat/dx640.png,89.95,275,45,20,Y,110,XL,CAR,SUMMER,None Runflat,B,B,70,1,2,DAVANTI,DX640
2453518YDAPROTOURASPORT92XL,5.06041E+12,505372,245/35R18 92Y DAVANTI PROTOURA SPORT XL,Tyres,https://dcjqgkl774ppl.cloudfront.net/tyrecat/davanti/protourasport�_protoura.png,84.95,245,35,18,Y,92,XL,CAR,SUMMER,None Runflat,C,A,70,2,2,DAVANTI,PROTOURA SPORT
2254518WDADX64095XL,5.06041E+12,505098,225/45R18 95W DAVANTI DX640 XL,Tyres,https://dcjqgkl774ppl.cloudfront.net/tyrecat/dx640.png,52.95,225,45,18,W,95,XL,CAR,SUMMER,None Runflat,B,A,68,1,4,DAVANTI,DX640
1456515VNAJB507,4.71249E+12,JB507,145/65R15 NANKANG AS-1 72V,Tyres,https://dcjqgkl774ppl.cloudfront.net/tyrecat/as1.png,24.75,145,65,15,V,72,,CAR,SUMMER,None Runflat,F,C,71,3,1,NANKANG,AS-1
2453519YDAPROTOURASPORT93XL,5.06041E+12,505373,245/35R19 93Y DAVANTI PROTOURA SPORT XL,Tyres,https://dcjqgkl774ppl.cloudfront.net/tyrecat/davanti/protourasport�_protoura.png,73.95,245,35,19,Y,93,XL,CAR,SUMMER,None Runflat,C,A,70,2,3,DAVANTI,PROTOURA SPORT
2454518YDAPROTOURASPORT100XL,5.06041E+12,505381,245/45R18 100Y DAVANTI PROTOURA SPORT XL,Tyres,https://dcjqgkl774ppl.cloudfront.net/tyrecat/davanti/protourasport�_protoura.png,64.95,245,45,18,Y,100,XL,CAR,SUMMER,None Runflat,C,A,70,2,4,DAVANTI,PROTOURA SPORT
2454017YDAPROTOURASPORT95XL,5.06041E+12,505375,245/40R17 95Y DAVANTI PROTOURA SPORT XL,Tyres,https://dcjqgkl774ppl.cloudfront.net/tyrecat/davanti/protourasport�_protoura.png,57.95,245,40,17,Y,95,XL,CAR,SUMMER,None Runflat,C,A,70,2,1,DAVANTI,PROTOURA SPORT
2254019YDADX64093XL,5.06041E+12,505095,225/40R19 93Y DAVANTI DX640 XL,Tyres,https://dcjqgkl774ppl.cloudfront.net/tyrecat/dx640.png,79.95,225,40,19,Y,93,XL,CAR,SUMMER,None Runflat,B,B,68,1,2,DAVANTI,DX640
2553518YDAPROTOURASPORT94XL,5.06041E+12,505383,255/35R18 94Y DAVANTI PROTOURA SPORT XL,Tyres,https://dcjqgkl774ppl.cloudfront.net/tyrecat/davanti/protourasport�_protoura.png,65.95,255,35,18,Y,94,XL,CAR,SUMMER,None Runflat,C,A,70,2,2,DAVANTI,PROTOURA SPORT
2156517VDADX74099,5.06041E+12,505403,215/65R17 99V DAVANTI DX740,Tyres,https://dcjqgkl774ppl.cloudfront.net/tyrecat/dx740.png,69.95,215,65,17,V,99,,4X4 / SUV,SUMMER,None Runflat,C,B,68,1,2,DAVANTI,DX740
2254517WDADX64094XL,5.06041E+12,505096,225/45R17 94W DAVANTI DX640 XL,Tyres,https://dcjqgkl774ppl.cloudfront.net/tyrecat/dx640.png,44.95,225,45,17,W,94,XL,CAR,SUMMER,None Runflat,C,A,68,1,5,DAVANTI,DX640
2454019YDADX64098XL,5.06041E+12,505119,245/40R19 98Y DAVANTI DX640 XL,Tyres,https://dcjqgkl774ppl.cloudfront.net/tyrecat/dx640.png,82.95,245,40,19,Y,98,XL,CAR,SUMMER,None Runflat,B,B,68,1,3,DAVANTI,DX640
2454018YDADX64097XL,5.06041E+12,505118,245/40R18 97Y DAVANTI DX640 XL,Tyres,https://dcjqgkl774ppl.cloudfront.net/tyrecat/dx640.png,64.95,245,40,18,Y,97,XL,CAR,SUMMER,None Runflat,B,B,68,1,2,DAVANTI,DX640
2454020YDADX64099XL,5.06041E+12,505120,245/40R20 99Y DAVANTI DX640 XL,Tyres,https://dcjqgkl774ppl.cloudfront.net/tyrecat/dx640.png,90.95,245,40,20,Y,99,XL,CAR,SUMMER,None Runflat,B,B,68,1,4,DAVANTI,DX640
2454520YDADX640103XL,5.06041E+12,505123,245/45R20 103Y DAVANTI DX640 XL,Tyres,https://dcjqgkl774ppl.cloudfront.net/tyrecat/dx640.png,100.95,245,45,20,Y,103,XL,CAR,SUMMER,None Runflat,B,B,68,1,4,DAVANTI,DX640
2454519YDADX640102XL,5.06041E+12,505246,245/45R19 102Y DAVANTI DX640 XL,Tyres,https://dcjqgkl774ppl.cloudfront.net/tyrecat/dx640.png,81.95,245,45,19,Y,102,XL,CAR,SUMMER,None Runflat,B,B,68,1,4,DAVANTI,DX640
2153518WAPRA30184,6.95031E+12,6.95031E+12,215/35R18 84W APTANY RA301,Tyres,https://dcjqgkl774ppl.cloudfront.net/tyrecat/ra301.png,32.95,215,35,18,W,84,,CAR,SUMMER,None Runflat,C,B,70,2,1,APTANY,RA301
2553520YDADX64097XL,5.06041E+12,505128,255/35R20 97Y DAVANTI DX640 XL,Tyres,https://dcjqgkl774ppl.cloudfront.net/tyrecat/dx640.png,77.95,255,35,20,Y,97,XL,CAR,SUMMER,None Runflat,B,B,70,1,1,DAVANTI,DX640
2554518YDADX640103XL,5.06041E+12,505132,255/45R18 103Y DAVANTI DX640 XL,Tyres,https://dcjqgkl774ppl.cloudfront.net/tyrecat/dx640.png,75.95,255,45,18,Y,103,XL,CAR,SUMMER,None Runflat,B,B,70,1,2,DAVANTI,DX640
2554018YDADX64099XL,5.06041E+12,505130,255/40R18 99Y DAVANTI DX640 XL,Tyres,https://dcjqgkl774ppl.cloudfront.net/tyrecat/dx640.png,75.95,255,40,18,Y,99,XL,CAR,SUMMER,None Runflat,B,B,70,1,2,DAVANTI,DX640
2255015VNAJC206,4.71762E+12,JC206,225/50R15 NANKANG XR-611 91V,Tyres,https://dcjqgkl774ppl.cloudfront.net/tyrecat/xr611.jpg,33.32,225,50,15,V,91,,CAR,SUMMER,None Runflat,E,C,71,2,2,NANKANG,XR-611
1956016VDADX39089,5.06041E+12,505036,195/60R16 89V DAVANTI DX390,Tyres,https://dcjqgkl774ppl.cloudfront.net/tyrecat/dx390.png,51.95,195,60,16,V,89,,CAR,SUMMER,None Runflat,C,A,68,1,4,DAVANTI,DX390
1956515TDADX39095XL,5.06041E+12,505054,195/65R15 95T DAVANTI DX390 XL,Tyres,https://dcjqgkl774ppl.cloudfront.net/tyrecat/dx390.png,37.95,195,65,15,T,95,XL,VAN,SUMMER,None Runflat,C,A,68,1,5,DAVANTI,DX390
1955516VDADX39087,6.95031E+12,505264,195/55R16 87V DAVANTI DX390,Tyres,https://dcjqgkl774ppl.cloudfront.net/tyrecat/dx390.png,43.95,195,55,16,V,87,,CAR,SUMMER,None Runflat,D,A,68,1,6,DAVANTI,DX390
1956015VDADX39088,5.06041E+12,505035,195/60R15 88V DAVANTI DX390,Tyres,https://dcjqgkl774ppl.cloudfront.net/tyrecat/dx390.png,37.95,195,60,15,V,88,,CAR,SUMMER,None Runflat,D,A,68,1,4,DAVANTI,DX390
1957014NDADX39096XL,5.06041E+12,505009,195/70R14 96N DAVANTI DX390 XL,Tyres,https://dcjqgkl774ppl.cloudfront.net/tyrecat/dx390.png,33.95,195,70,14,N,96,XL,TRAILER,SUMMER,None Runflat,B,B,68,1,3,DAVANTI,DX390
1957015RDADX440104/1028PR,5.06041E+12,505065,195/70R15 104/102R DAVANTI DX440 8PR,Tyres,https://dcjqgkl774ppl.cloudfront.net/tyrecat/dx440.png,48.95,195,70,15,R,104/102,8PR,VAN,SUMMER,None Runflat,C,C,72,2,1,DAVANTI,DX440
1956515VDADX39091,5.06041E+12,505038,195/65R15 91V DAVANTI DX390,Tyres,https://dcjqgkl774ppl.cloudfront.net/tyrecat/dx390.png,36.45,195,65,15,V,91,,CAR,SUMMER,None Runflat,C,A,68,1,4,DAVANTI,DX390
2155017WDADX64095XL,5.06041E+12,505087,215/50R17 95W DAVANTI DX640 XL,Tyres,https://dcjqgkl774ppl.cloudfront.net/tyrecat/dx640.png,48.95,215,50,17,W,95,XL,CAR,SUMMER,None Runflat,C,B,68,1,6,DAVANTI,DX640
2154518WDADX64093XL,5.06041E+12,505086,215/45R18 93W DAVANTI DX640 XL,Tyres,https://dcjqgkl774ppl.cloudfront.net/tyrecat/dx640.png,63.95,215,45,18,W,93,XL,CAR,SUMMER,None Runflat,B,B,68,1,4,DAVANTI,DX640
2554020YDADX640101XL,5.06041E+12,505297,255/40R20 101Y DAVANTI DX640 XL,Tyres,https://dcjqgkl774ppl.cloudfront.net/tyrecat/dx640.png,104.95,255,40,20,Y,101,XL,CAR,SUMMER,None Runflat,B,B,70,1,4,DAVANTI,DX640
2154517YDADX64091XL,5.06041E+12,505230,215/45R17 91Y DAVANTI DX640 XL,Tyres,https://dcjqgkl774ppl.cloudfront.net/tyrecat/dx640.png,45.95,215,45,17,Y,91,XL,CAR,SUMMER,None Runflat,B,B,68,1,4,DAVANTI,DX640
2254018YDAPROTOURASPORT92XL,5.06041E+12,505356,225/40R18 92Y DAVANTI PROTOURA SPORT XL,Tyres,https://dcjqgkl774ppl.cloudfront.net/tyrecat/davanti/protourasport�_protoura.png,52.95,225,40,18,Y,92,XL,CAR,SUMMER,None Runflat,D,B,70,2,6,DAVANTI,PROTOURA SPORT
2253519YDAPROTOURASPORT88XL,5.06041E+12,505354,225/35R19 88Y DAVANTI PROTOURA SPORT XL,Tyres,https://dcjqgkl774ppl.cloudfront.net/tyrecat/davanti/protourasport�_protoura.png,67.95,225,35,19,Y,88,XL,CAR,SUMMER,None Runflat,D,B,70,2,2,DAVANTI,PROTOURA SPORT
2155018WDADX64092,5.06041E+12,505280,215/50R18 92W DAVANTI DX640,Tyres,https://dcjqgkl774ppl.cloudfront.net/tyrecat/dx640.png,72.95,215,50,18,W,92,,CAR,SUMMER,None Runflat,C,B,68,1,4,DAVANTI,DX640
2154017WDADX64087XL,5.06041E+12,505083,215/40R17 87W DAVANTI DX640 XL,Tyres,https://dcjqgkl774ppl.cloudfront.net/tyrecat/dx640.png,49.95,215,40,17,W,87,XL,CAR,SUMMER,None Runflat,C,B,68,1,3,DAVANTI,DX640
2154516WDADX39090XL,5.06041E+12,505048,215/45R16 90W DAVANTI DX390 XL,Tyres,https://dcjqgkl774ppl.cloudfront.net/tyrecat/dx390.png,54.95,215,45,16,W,90,XL,CAR,SUMMER,None Runflat,B,B,68,1,4,DAVANTI,DX390
2154018YDAPROTOURASPORT89XL,5.06041E+12,505353,215/40R18 89Y DAVANTI PROTOURA SPORT XL,Tyres,https://dcjqgkl774ppl.cloudfront.net/tyrecat/davanti/protourasport�_protoura.png,60.95,215,40,18,Y,89,XL,CAR,SUMMER,None Runflat,D,B,70,2,4,DAVANTI,PROTOURA SPORT
2056516RDADX440107/1058PR,5.06041E+12,505067,205/65R16 107/105R DAVANTI DX440 8PR,Tyres,https://dcjqgkl774ppl.cloudfront.net/tyrecat/dx440.png,56.45,205,65,16,R,107/105,8PR,VAN,SUMMER,None Runflat,C,C,72,2,1,DAVANTI,DX440
2156515HDADX390100XL,5.06041E+12,505051,215/65R15 100H DAVANTI DX390 XL,Tyres,https://dcjqgkl774ppl.cloudfront.net/tyrecat/dx390.png,44.95,215,65,15,H,100,XL,CAR,SUMMER,None Runflat,B,B,68,1,1,DAVANTI,DX390
2156017TDADX440109/1078PR,5.06041E+12,505247,215/60R17 109/107T DAVANTI DX440 8PR,Tyres,https://dcjqgkl774ppl.cloudfront.net/tyrecat/dx440.png,79.95,215,60,17,T,109/107,8PR,VAN,SUMMER,None Runflat,C,C,72,2,4,DAVANTI,DX440
2156016TDADX440108/1068PR,5.06041E+12,505070,215/60R16 108/106T DAVANTI DX440 8PR,Tyres,https://dcjqgkl774ppl.cloudfront.net/tyrecat/dx440.png,55.95,215,60,16,T,108/106,8PR,VAN,SUMMER,None Runflat,C,C,72,2,4,DAVANTI,DX440
2156515TDADX440104/1026PR,5.06041E+12,505071,215/65R15 104/102T DAVANTI DX440 6PR,Tyres,https://dcjqgkl774ppl.cloudfront.net/tyrecat/dx440.png,56.95,215,65,15,T,104/102,6PR,VAN,SUMMER,None Runflat,C,C,72,2,6,DAVANTI,DX440
2156017HDADX64096,5.06041E+12,505090,215/60R17 96H DAVANTI DX640,Tyres,https://dcjqgkl774ppl.cloudfront.net/tyrecat/dx640.png,56.95,215,60,17,H,96,,CAR,SUMMER,None Runflat,B,B,68,1,4,DAVANTI,DX640
2155518VDADX64099XL,5.06041E+12,505088,215/55R18 99V DAVANTI DX640 XL,Tyres,https://dcjqgkl774ppl.cloudfront.net/tyrecat/dx640.png,69.95,215,55,18,V,99,XL,CAR,SUMMER,None Runflat,B,B,68,1,4,DAVANTI,DX640
2155517WDADX64098XL,5.06041E+12,505089,215/55R17 98W DAVANTI DX640 XL,Tyres,https://dcjqgkl774ppl.cloudfront.net/tyrecat/dx640.png,55.95,215,55,17,W,98,XL,CAR,SUMMER,None Runflat,C,B,68,1,4,DAVANTI,DX640
2157516RDADX440116/11410PR,5.06041E+12,505074,215/75R16 116/114R DAVANTI DX440 10PR,Tyres,https://dcjqgkl774ppl.cloudfront.net/tyrecat/dx440.png,62.95,215,75,16,R,116/114,10PR,VAN,SUMMER,None Runflat,C,C,72,2,1,DAVANTI,DX440
2553519YDAPROTOURASPORT96XL,5.06041E+12,505385,255/35R19 96Y DAVANTI PROTOURA SPORT XL,Tyres,https://dcjqgkl774ppl.cloudfront.net/tyrecat/davanti/protourasport�_protoura.png,80.95,255,35,19,Y,96,XL,CAR,SUMMER,None Runflat,C,A,70,2,4,DAVANTI,PROTOURA SPORT
2554519YDAPROTOURASPORT100,5.06041E+12,505386,255/45R19 100Y DAVANTI PROTOURA SPORT,Tyres,https://dcjqgkl774ppl.cloudfront.net/tyrecat/davanti/protourasport�_protoura.png,90.95,255,45,19,Y,100,,CAR,SUMMER,None Runflat,C,A,70,2,2,DAVANTI,PROTOURA SPORT
2553520YDAPROTOURASPORT97XL,5.06041E+12,505387,255/35R20 97Y DAVANTI PROTOURA SPORT XL,Tyres,https://dcjqgkl774ppl.cloudfront.net/tyrecat/davanti/protourasport�_protoura.png,83.95,255,35,20,Y,97,XL,CAR,SUMMER,None Runflat,C,A,70,2,2,DAVANTI,PROTOURA SPORT
2355017YLIGREENMAX96,6.95996E+12,221022969,235/50R17 96Y LINGLONG GREENMAX,Tyres,https://dcjqgkl774ppl.cloudfront.net/tyrecat/linglong/greenmax_greenmax.png,28.45,235,50,17,Y,96,,CAR,SUMMER,None Runflat,D,B,71,2,2,Linglong,Greenmax
1556513TAPRP203A73,6.95031E+12,6.95031E+12,155/65R13 73T APTANY RP203A,Tyres,https://dcjqgkl774ppl.cloudfront.net/tyrecat/ap203a.png,17.9,155,65,13,T,73,,CAR,SUMMER,None Runflat,D,C,68,2,3,APTANY,RP203A
2254518YHA1019630,8.80856E+12,1019630,225/45R18 95Y HANKOOK VENTUS S1 EVO3 K127B XL RFT BMW *,Tyres,https://dcjqgkl774ppl.cloudfront.net/tyrecat/k127.png,97.21,225,45,18,Y,95,XL,CAR,SUMMER,Runflat,B,B,68,1,1,HANKOOK,VENTUS S1 EVO3 K127B
2253519YLISPORTMASTER88XL,6.95996E+12,221024331,225/35R19 88Y LINGLONG SPORT MASTER XL,Tyres,https://dcjqgkl774ppl.cloudfront.net/tyrecat/linglong/sportmaster_sportmaster.png,27.85,225,35,19,Y,88,XL,CAR,SUMMER,None Runflat,D,A,69,1,2,Linglong,SPORT MASTER
2354517YLISPORTMASTER97XL,6.95996E+12,221023882,235/45R17 97Y LINGLONG SPORT MASTER XL,Tyres,https://dcjqgkl774ppl.cloudfront.net/tyrecat/linglong/sportmaster_sportmaster.png,27.85,235,45,17,Y,97,XL,CAR,SUMMER,None Runflat,C,A,69,1,2,Linglong,SPORT MASTER
2454020YLISPORTMASTER99XL,6.95996E+12,221028616,245/40R20 99Y LINGLONG SPORT MASTER XL,Tyres,https://dcjqgkl774ppl.cloudfront.net/tyrecat/linglong/sportmaster_sportmaster.png,40.95,245,40,20,Y,99,XL,CAR,SUMMER,None Runflat,C,A,69,1,3,Linglong,SPORT MASTER
2054516WLIGREENMAX87,6.95996E+12,221023492,205/45R16 87W LINGLONG GREENMAX,Tyres,https://dcjqgkl774ppl.cloudfront.net/tyrecat/linglong/greenmax_greenmax.png,21.75,205,45,16,W,87,,CAR,SUMMER,None Runflat,D,B,71,2,3,Linglong,Greenmax
2355018WLIGREENMAX101,6.95996E+12,221022984,235/50R18 101W LINGLONG GREENMAX,Tyres,https://dcjqgkl774ppl.cloudfront.net/tyrecat/linglong/greenmax_greenmax.png,33.45,235,50,18,W,101,,CAR,SUMMER,None Runflat,C,B,72,2,4,Linglong,Greenmax
2055017WLIGREENMAX93,6.95996E+12,221022972,205/50R17 93W LINGLONG GREENMAX,Tyres,https://dcjqgkl774ppl.cloudfront.net/tyrecat/linglong/greenmax_greenmax.png,23.35,205,50,17,W,93,,CAR,SUMMER,None Runflat,D,B,72,2,5,Linglong,Greenmax
2056516HAPRP20395,6.95031E+12,6.95031E+12,205/65R16 95H APTANY RP203,Tyres,https://dcjqgkl774ppl.cloudfront.net/tyrecat/aptany/rp203_rp203.png,29.95,205,65,16,H,95,,CAR,SUMMER,None Runflat,D,C,70,2,2,APTANY,RP203
1956515TLIGREENMAXECOTOURING95XL,6.95996E+12,221014862,195/65R15 95T LINGLONG GREENMAX ECO TOURING XL,Tyres,https://dcjqgkl774ppl.cloudfront.net/tyrecat/linglong/greenmaxecotouring_greenmax-ecotouring.png,16.95,195,65,15,T,95,XL,CAR,SUMMER,None Runflat,C,C,71,2,3,Linglong,GREENMAX ECO TOURING
1558013TAPRP203A79,6.95031E+12,6.95031E+12,155/80R13 79T APTANY RP203A,Tyres,https://dcjqgkl774ppl.cloudfront.net/tyrecat/ap203a.png,13.95,155,80,13,T,79,,CAR,SUMMER,None Runflat,D,C,68,2,4,APTANY,RP203A
2353519WLIGREENMAX91,6.95996E+12,221026447,235/35R19 91W LINGLONG GREENMAX,Tyres,https://dcjqgkl774ppl.cloudfront.net/tyrecat/linglong/greenmax_greenmax.png,29.95,235,35,19,W,91,,CAR,SUMMER,None Runflat,D,B,72,2,5,Linglong,Greenmax
2055517VLIGREENMAXHP01095,6.95995E+12,221024878,205/55R17 95V LINGLONG GREENMAX HP010,Tyres,https://dcjqgkl774ppl.cloudfront.net/tyrecat/linglong/greenmaxhp010_hp010.png,24.95,205,55,17,V,95,,CAR,SUMMER,None Runflat,C,B,71,2,10,Linglong,GREENMAX HP010
2354018WLIGREENMAX95,6.95996E+12,221022977,235/40R18 95W LINGLONG GREENMAX,Tyres,https://dcjqgkl774ppl.cloudfront.net/tyrecat/linglong/greenmax_greenmax.png,28.95,235,40,18,W,95,,CAR,SUMMER,None Runflat,D,B,72,2,4,Linglong,Greenmax
1955516VAPRP20387,6.95031E+12,6.95031E+12,195/55R16 87V APTANY RP203 XL,Tyres,https://dcjqgkl774ppl.cloudfront.net/tyrecat/aptany/rp203_rp203.png,19.45,195,55,16,V,91,XL,CAR,SUMMER,None Runflat,D,C,70,2,7,APTANY,RP203
2454018WLIGREENMAX97,6.95996E+12,221022980,245/40R18 97W LINGLONG GREENMAX,Tyres,https://dcjqgkl774ppl.cloudfront.net/tyrecat/linglong/greenmax_greenmax.png,29.15,245,40,18,W,97,,CAR,SUMMER,None Runflat,D,B,72,2,4,Linglong,Greenmax
2054017WLIGREENMAX84,6.95996E+12,221023486,205/40R17 84W LINGLONG GREENMAX,Tyres,https://dcjqgkl774ppl.cloudfront.net/tyrecat/linglong/greenmax_greenmax.png,21.05,205,40,17,W,84,,CAR,SUMMER,None Runflat,D,B,72,2,4,Linglong,Greenmax
1658013NLIR70194,6.95996E+12,221002579,165/80R13 94N LINGLONG R701,Tyres,https://dcjqgkl774ppl.cloudfront.net/tyrecat/linglong/r701_r701.png,22.95,165,80,13,N,94,,VAN,SUMMER,None Runflat,D,D,71,2,2,Linglong,R701
2156515TLIGREENMAXVAN104,6.95996E+12,221030968,215/65R15 104T LINGLONG GREENMAX VAN,Tyres,https://dcjqgkl774ppl.cloudfront.net/tyrecat/linglong/greenmaxvan_greenmax-van-hp.png,30.75,215,65,15,T,104,,VAN,SUMMER,None Runflat,D,C,72,2,6,Linglong,GREENMAX VAN
2054517WDADX64088XL,5.06041E+12,505080,205/45R17 88W DAVANTI DX640 XL,Tyres,https://dcjqgkl774ppl.cloudfront.net/tyrecat/dx640.png,48.95,205,45,17,W,88,XL,CAR,SUMMER,None Runflat,D,B,68,1,2,DAVANTI,DX640
2055017WDADX64093XL,5.06041E+12,505081,205/50R17 93W DAVANTI DX640 XL,Tyres,https://dcjqgkl774ppl.cloudfront.net/tyrecat/dx640.png,51.95,205,50,17,W,93,XL,CAR,SUMMER,None Runflat,C,B,68,1,1,DAVANTI,DX640
1956015HLIGREENMAXHP01088,6.95996E+12,221024870,195/60R15 88H LINGLONG GREENMAX HP010,Tyres,https://dcjqgkl774ppl.cloudfront.net/tyrecat/linglong/greenmaxhp010_hp010.png,18.25,195,60,15,H,88,,CAR,SUMMER,None Runflat,C,B,71,2,5,Linglong,GREENMAX HP010
2054516WDADX39087XL,5.06041E+12,505039,205/45R16 87W DAVANTI DX390 XL,Tyres,https://dcjqgkl774ppl.cloudfront.net/tyrecat/dx390.png,42.95,205,45,16,W,87,XL,CAR,SUMMER,None Runflat,C,B,68,1,7,DAVANTI,DX390
2055516VLIGREENMAXHP01091,6.95996E+12,221022904,205/55R16 91V LINGLONG COMFORT MASTER,Tyres,https://dcjqgkl774ppl.cloudfront.net/tyrecat/linglong/greenmaxhp010_hp010.png,17.95,205,55,16,V,91,,CAR,SUMMER,None Runflat,C,B,71,2,6,Linglong,GREENMAX HP010
2355519WLIGREENMAX105XL,6.95996E+12,221022971,235/55R19 105W LINGLONG GREENMAX XL,Tyres,https://dcjqgkl774ppl.cloudfront.net/tyrecat/linglong/greenmax_greenmax.png,43.95,235,55,19,W,105,XL,CAR,SUMMER,None Runflat,B,B,72,2,4,Linglong,Greenmax
2054017WDADX64084XL,5.06041E+12,505079,205/40R17 84W DAVANTI DX640 XL,Tyres,https://dcjqgkl774ppl.cloudfront.net/tyrecat/dx640.png,42.95,205,40,17,W,84,XL,CAR,SUMMER,None Runflat,C,B,68,1,3,DAVANTI,DX640
1957015RLIGREENMAXVAN104,6.95996E+12,221003969,195/70R15 104R LINGLONG GREENMAX VAN,Tyres,https://dcjqgkl774ppl.cloudfront.net/tyrecat/linglong/greenmaxvan_greenmax-van-hp.png,25.75,195,70,15,R,104,,VAN,SUMMER,None Runflat,D,B,72,2,8,Linglong,GREENMAX VAN
2157015RLIGREENMAXVAN109,6.95996E+12,221007951,215/70R15 109R LINGLONG GREENMAX VAN,Tyres,https://dcjqgkl774ppl.cloudfront.net/tyrecat/linglong/greenmaxvan_greenmax-van-hp.png,32.85,215,70,15,R,109,,VAN,SUMMER,None Runflat,C,B,72,2,5,Linglong,GREENMAX VAN
1956515VLIGREENMAXHP01091,6.95996E+12,221023744,195/65R15 91V LINGLONG GREENMAX HP010,Tyres,https://dcjqgkl774ppl.cloudfront.net/tyrecat/linglong/greenmaxhp010_hp010.png,20.95,195,65,15,V,91,,CAR,SUMMER,None Runflat,C,B,71,2,3,Linglong,GREENMAX HP010
2257015RLIGREENMAXVAN112,6.95996E+12,221030076,225/70R15 112R LINGLONG GREENMAX VAN,Tyres,https://dcjqgkl774ppl.cloudfront.net/tyrecat/linglong/greenmaxvan_greenmax-van-hp.png,34.75,225,70,15,R,112,,VAN,SUMMER,None Runflat,C,B,72,2,2,Linglong,GREENMAX VAN
1955016VDADX39088XL,5.06041E+12,505031,195/50R16 88V DAVANTI DX390 XL,Tyres,https://dcjqgkl774ppl.cloudfront.net/tyrecat/dx390.png,44.95,195,50,16,V,88,XL,CAR,SUMMER,None Runflat,B,B,68,1,4,DAVANTI,DX390
2355018VLIGREENMAX4X497,6.95996E+12,221028705,235/50R18 97V LINGLONG GREENMAX 4X4,Tyres,https://dcjqgkl774ppl.cloudfront.net/tyrecat/linglong/greenmax4x4_greenmax-4x4-hp.png,33.45,235,50,18,V,97,,4X4 / SUV,SUMMER,None Runflat,D,C,71,2,4,Linglong,GREENMAX 4X4
2055517WDADX64095XL,5.06041E+12,505082,205/55R17 95W DAVANTI DX640 XL,Tyres,https://dcjqgkl774ppl.cloudfront.net/tyrecat/dx640.png,55.95,205,55,17,W,95,XL,CAR,SUMMER,None Runflat,B,B,68,1,5,DAVANTI,DX640
1957516RLIGREENMAXVAN107,6.95996E+12,221017425,195/75R16 107R LINGLONG GREENMAX VAN 4S,Tyres,https://dcjqgkl774ppl.cloudfront.net/tyrecat/linglong/greenmaxvan_greenmax-van-hp.png,28.25,195,75,16,R,107,,VAN,SUMMER,None Runflat,D,B,72,2,1,Linglong,GREENMAX VAN
1954516VDADX39084XL,5.06041E+12,505029,195/45R16 84V DAVANTI DX390 XL,Tyres,https://dcjqgkl774ppl.cloudfront.net/tyrecat/dx390.png,41.95,195,45,16,V,84,XL,CAR,SUMMER,None Runflat,C,B,68,1,2,DAVANTI,DX390
1857516RDADX440104/1028PR,5.06041E+12,505062,185/75R16 104/102R DAVANTI DX440 8PR,Tyres,https://dcjqgkl774ppl.cloudfront.net/tyrecat/dx440.png,49.95,185,75,16,R,104/102,8PR,VAN,SUMMER,None Runflat,C,C,72,2,4,DAVANTI,DX440
2056516RLIGREENMAXVAN107,6.95996E+12,221007957,205/65R16 107R LINGLONG GREENMAX VAN,Tyres,https://dcjqgkl774ppl.cloudfront.net/tyrecat/linglong/greenmaxvan_greenmax-van-hp.png,27.95,205,65,16,R,107,,VAN,SUMMER,None Runflat,C,C,72,2,6,Linglong,GREENMAX VAN
1857014HDADX24088,5.06041E+12,505008,185/70R14 88H DAVANTI DX240,Tyres,https://dcjqgkl774ppl.cloudfront.net/tyrecat/dx240.png,35.95,185,70,14,H,88,,CAR,SUMMER,None Runflat,C,C,69,2,2,DAVANTI,DX240
1855016VDADX39081,5.06041E+12,505022,185/50R16 81V DAVANTI DX390,Tyres,https://dcjqgkl774ppl.cloudfront.net/tyrecat/dx390.png,41.95,185,50,16,V,81,,CAR,SUMMER,None Runflat,C,B,67,1,2,DAVANTI,DX390
1757013TDADX24082,5.06041E+12,505007,175/70R13 82T DAVANTI DX240,Tyres,https://dcjqgkl774ppl.cloudfront.net/tyrecat/dx240.png,27.95,175,70,13,T,82,,CAR,SUMMER,None Runflat,C,C,69,2,4,DAVANTI,DX240
1757013TAPRP20382,6.95031E+12,A26836,175/70R13 82T APTANY RP203,Tyres,https://dcjqgkl774ppl.cloudfront.net/tyrecat/aptany/rp203_rp203.png,17.95,175,70,13,T,82,,CAR,SUMMER,None Runflat,,,,,1,APTANY,RP203
1556514HLICOMMASTER,,,155/65R14 75H LINGLONG COMFORT MASTER,Tyres,https://dcjqgkl774ppl.cloudfront.net/tyrecat/linglong/greenmaxas_greenmax-as.png,13.95,155,65,14,T,75,,CAR,ALL SEASON,None Runflat,D,C,71,2,6,Linglong,COMFORT MASTER
1756515HDADX39084,5.06041E+12,505019,175/65R15 84H DAVANTI DX390,Tyres,https://dcjqgkl774ppl.cloudfront.net/tyrecat/dx390.png,35.95,175,65,15,H,84,,CAR,SUMMER,None Runflat,C,C,67,1,5,DAVANTI,DX390
1756015HDADX39081,5.06041E+12,505016,175/60R15 81H DAVANTI DX390,Tyres,https://dcjqgkl774ppl.cloudfront.net/tyrecat/dx390.png,36.95,175,60,15,H,81,,CAR,SUMMER,None Runflat,C,C,67,1,4,DAVANTI,DX390
3253021YACIOTAST68108XL,8.99702E+12,8.99702E+12,325/30R21 108Y ACCELERA IOTA ST68 XL,Tyres,https://dcjqgkl774ppl.cloudfront.net/tyrecat/iota-st68-.jpg,95,325,30,21,Y,108,XL,4X4 / SUV,SUMMER,None Runflat,C,C,72,1,2,ACCELERA,IOTA ST68
2456517HLIGREENMAX4X4111,6.95996E+12,221016470,245/65R17 111H LINGLONG GREENMAX 4X4,Tyres,https://dcjqgkl774ppl.cloudfront.net/tyrecat/linglong/greenmax4x4_greenmax-4x4-hp.png,36.75,245,65,17,H,111,,4X4 / SUV,SUMMER,None Runflat,D,C,72,2,2,Linglong,GREENMAX 4X4
1856515HDADX39088,5.06041E+12,505028,185/65R15 88H DAVANTI DX390,Tyres,https://dcjqgkl774ppl.cloudfront.net/tyrecat/dx390.png,35.45,185,65,15,H,88,,CAR,SUMMER,None Runflat,C,B,67,1,1,DAVANTI,DX390
3153521YHAVENTUSS1EVO3SUVK127C111XLRFT,8.80856E+12,1023816,315/35R21 111Y HANKOOK VENTUS S1 EVO3 SUV K127C XL RFT BMW,Tyres,https://dcjqgkl774ppl.cloudfront.net/tyrecat/ventuss1evo3.png,207.2,315,35,21,Y,111,XL,CAR,SUMMER,Runflat,B,B,70,1,1,HANKOOK,VENTUS S1 EVO3 SUV K127C
1856015HDADX39088XL,5.06041E+12,505026,185/60R15 88H DAVANTI DX390 XL,Tyres,https://dcjqgkl774ppl.cloudfront.net/tyrecat/dx390.png,36.95,185,60,15,H,88,XL,CAR,SUMMER,None Runflat,C,B,67,1,8,DAVANTI,DX390
2253518YACPHI-R87XL,8.99702E+12,1200037344,225/35R18 87Y ACCELERA PHI-R XL,Tyres,https://dcjqgkl774ppl.cloudfront.net/tyrecat/phi-r-.jpg,47.95,225,35,18,Y,87,XL,CAR,SUMMER,None Runflat,D,C,70,2,1,ACCELERA,PHI-R
1855515VDADX39082,5.06041E+12,505023,185/55R15 82V DAVANTI DX390,Tyres,https://dcjqgkl774ppl.cloudfront.net/tyrecat/dx390.png,36.95,185,55,15,V,82,,CAR,SUMMER,None Runflat,D,B,67,1,4,DAVANTI,DX390
2156516HAPRP20398,6.95031E+12,AY6839,215/65R16 98H APTANY RP203,Tyres,https://dcjqgkl774ppl.cloudfront.net/tyrecat/aptany/rp203_rp203.png,24.75,215,65,16,H,98,,CAR,SUMMER,None Runflat,D,C,70,2,1,APTANY,RP203
1955016VAPRP20388XL,6.95031E+12,AY6833,195/50R16 88V APTANY RP203 XL,Tyres,https://dcjqgkl774ppl.cloudfront.net/tyrecat/aptany/rp203_rp203.png,27.45,195,50,16,V,88,XL,CAR,SUMMER,None Runflat,,,,,1,APTANY,RP203
1556514TDADX24075,5.06041E+12,505002,155/65R14 75T DAVANTI DX240,Tyres,https://dcjqgkl774ppl.cloudfront.net/tyrecat/dx240.png,30.95,155,65,14,T,75,,CAR,SUMMER,None Runflat,C,C,69,2,4,DAVANTI,DX240
1758013QDADX44097/958PR,5.06041E+12,505061,175/80R13 97/95Q DAVANTI DX440 8PR,Tyres,https://dcjqgkl774ppl.cloudfront.net/tyrecat/dx440.png,38.95,175,80,13,Q,97/95,8PR,VAN,SUMMER,None Runflat,C,C,72,2,4,DAVANTI,DX440
1656515TAPRP20381,6.95031E+12,A26848,165/65R15 81T APTANY RP203,Tyres,https://dcjqgkl774ppl.cloudfront.net/tyrecat/aptany/rp203_rp203.png,18.05,165,65,15,T,81,,CAR,SUMMER,None Runflat,,,,,3,APTANY,RP203
2454520ZCO0358040000,4.01924E+12,3580400000,245/45R20 CONTINENTAL CROSSCONTACT UHP 103W XL LR,Tyres,https://dcjqgkl774ppl.cloudfront.net/tyrecat/conticrosscontact-uhp-tire-image.png,154.45,245,45,20,W,103,XL,CAR,SUMMER,None Runflat,C,C,72,2,1,CONTINENTAL,CROSSCONTACT UHP
1656514TDADX24079,5.06041E+12,505006,165/65R14 79T DAVANTI DX240,Tyres,https://dcjqgkl774ppl.cloudfront.net/tyrecat/dx240.png,31.95,165,65,14,T,79,,CAR,SUMMER,None Runflat,C,C,69,2,4,DAVANTI,DX240
2453518YINEL60192XL,6.97309E+12,I6017HB,245/35R18 92Y INVOVIC EL601 XL,Tyres,https://dcjqgkl774ppl.cloudfront.net/tyrecat/invovic/el601_el601b.png,49.45,245,35,18,Y,92,XL,,,None Runflat,C,B,69,2,1,Invovic,EL601
2156016TAPRL106108/106,6.95031E+12,6.95031E+12,215/60R16 108/106T APTANY RL106,Tyres,https://dcjqgkl774ppl.cloudfront.net/tyrecat/rl106.png,30.65,215,60,16,T,108/106,,VAN,SUMMER,None Runflat,C,B,70,2,2,APTANY,RL106
2754521WACIOTAST68110XL,8.99702E+12,1200038180,275/45R21 110W ACCELERA IOTA ST68 XL,Tyres,https://dcjqgkl774ppl.cloudfront.net/tyrecat/iota-st68-.jpg,82.95,275,45,21,W,110,XL,4X4 / SUV,SUMMER,None Runflat,C,C,68,1,1,ACCELERA,IOTA ST68
1857516RLIGREENMAXVAN104,6.95996E+12,221023497,185/75R16 104R LINGLONG GREENMAX VAN,Tyres,https://dcjqgkl774ppl.cloudfront.net/tyrecat/linglong/greenmaxvan_greenmax-van-hp.png,25.75,185,75,16,R,104,,VAN,SUMMER,None Runflat,D,C,72,2,1,Linglong,GREENMAX VAN
2156516RLIGREENMAXVAN109,6.95996E+12,221007958,215/65R16 109R LINGLONG GREENMAX VAN,Tyres,https://dcjqgkl774ppl.cloudfront.net/tyrecat/linglong/greenmaxvan_greenmax-van-hp.png,31.15,215,65,16,R,109,,VAN,SUMMER,None Runflat,C,B,72,2,8,Linglong,GREENMAX VAN
2356516RLIGREENMAXVAN115,6.95996E+12,221007960,235/65R16 115R LINGLONG GREENMAX VAN,Tyres,https://dcjqgkl774ppl.cloudfront.net/tyrecat/linglong/greenmaxvan_greenmax-van-hp.png,35.95,235,65,16,R,115,,VAN,SUMMER,None Runflat,C,B,72,2,9,Linglong,GREENMAX VAN
2256516RLIGREENMAXVAN112,6.95996E+12,221007959,225/65R16 112R LINGLONG GREENMAX VAN,Tyres,https://dcjqgkl774ppl.cloudfront.net/tyrecat/linglong/greenmaxvan_greenmax-van-hp.png,33.45,225,65,16,R,112,,VAN,SUMMER,None Runflat,C,B,72,2,7,Linglong,GREENMAX VAN
1956016HAPRL10699/97,6.95031E+12,6.95031E+12,195/60R16 99/97H APTANY RL106,Tyres,https://dcjqgkl774ppl.cloudfront.net/tyrecat/rl106.png,27.65,195,60,16,H,99/97,,VAN,SUMMER,None Runflat,C,B,70,2,3,APTANY,RL106
2657017TAPRU101115,6.95031E+12,6.95031E+12,265/70R17 115T APTANY RU101,Tyres,https://dcjqgkl774ppl.cloudfront.net/tyrecat/ru101.png,63.25,265,70,17,T,115,,4X4 / SUV,SUMMER,None Runflat,C,B,72,2,1,APTANY,RU101
2055516VDADX39091,5.06041E+12,505042,205/55R16 91V DAVANTI DX390,Tyres,https://dcjqgkl774ppl.cloudfront.net/tyrecat/davanti/dx-390_dx390_angle_shadow_website.png,35.95,205,55,16,V,91,,CAR,SUMMER,None Runflat,C,A,68,1,6,DAVANTI,DX390
2355017WAPRA301100,6.95031E+12,6.95031E+12,235/50R17 100W APTANY RA301,Tyres,https://dcjqgkl774ppl.cloudfront.net/tyrecat/ra301.png,25,235,50,17,W,100,,CAR,SUMMER,None Runflat,C,B,71,2,2,APTANY,RA301
1656514TLIGREENMAXECOTOURING79,6.95996E+12,221009082,165/65R14 79T LINGLONG GREENMAX ECO TOURING,Tyres,https://dcjqgkl774ppl.cloudfront.net/tyrecat/linglong/greenmaxecotouring_greenmax-ecotouring.png,14.45,165,65,14,T,79,,CAR,SUMMER,None Runflat,D,C,70,2,4,Linglong,GREENMAX ECO TOURING
1756514TLIGREENMAXECOTOURING82,6.95996E+12,221017083,175/65R14 82T LINGLONG GREEN-MAX ECOTOURING,Tyres,https://dcjqgkl774ppl.cloudfront.net/tyrecat/linglong/greenmaxecotouring_greenmax-ecotouring.png,15.25,175,65,14,T,82,,CAR,SUMMER,None Runflat,C,C,70,2,4,Linglong,GREENMAX ECO TOURING
2554517ZNAJC765,4.71762E+12,JC765,"255/45R17 NANKANG AS-2+ 98Y ""SPECIAL TO SELL"" WAS £137.00",Tyres,http://images.tyresoft.biz/tyrecat/as-2plus.png,64.55,255,45,17,Y,98,,CAR,SUMMER,None Runflat,E,A,71,2,1,NANKANG,AS-2+
2555019WAPRA301107XL,6.95031E+12,6.95031E+12,255/50R19 107W APTANY RA301 XL,Tyres,https://dcjqgkl774ppl.cloudfront.net/tyrecat/ra301.png,39.45,255,50,19,W,107,XL,CAR,SUMMER,None Runflat,C,C,71,2,1,APTANY,RA301
1955013NLIR701104,6.95996E+12,221002650,195/50R13 104N LINGLONG R701,Tyres,https://dcjqgkl774ppl.cloudfront.net/tyrecat/linglong/r701_r701.png,27.95,195,50,13,N,104,,VAN,SUMMER,None Runflat,D,D,71,2,2,Linglong,R701
2853020YACPHI299XL,8.99702E+12,8.99702E+12,285/30R20 99Y ACCELERA PHI 2 XL,Tyres,https://dcjqgkl774ppl.cloudfront.net/tyrecat/phi-2-.jpg,74.95,285,30,20,Y,99,XL,CAR,SUMMER,None Runflat,C,C,72,2,1,ACCELERA,PHI 2
1956515VAPRP20391,6.95031E+12,6.95031E+12,195/65R15 91V APTANY RP203,Tyres,https://dcjqgkl774ppl.cloudfront.net/tyrecat/aptany/rp203_rp203.png,18.85,195,65,15,V,91,,CAR,SUMMER,None Runflat,D,C,70,2,1,APTANY,RP203
1956516VBEV0001,1,,195/65TR16 104R WINDA WR01 8PLY,Tyres,https://dcjqgkl774ppl.cloudfront.net/58/MODEL/economyhouse.png,22.95,195,65,16,T,102/104,,VAN,SUMMER,None Runflat,E,C,72,2,4,ECONOMY,House Economy Van
2355018YLISPORTMASTERSA220101XL,6.95996E+12,221028609,235/50R18 101Y LINGLONG SPORT MASTER SA220 XL,Tyres,https://dcjqgkl774ppl.cloudfront.net/tyrecat/linglong/sportmaster_sportmaster.png,35.45,235,50,18,Y,101,XL,,,None Runflat,C,A,69,1,6,Linglong,SPORT MASTER SA220
2156017TLIG-MASVAN109,6.95996E+12,221027320,215/60R17 109T LINGLONG G-MASVAN,Tyres,https://dcjqgkl774ppl.cloudfront.net/tyrecat/linglong/g-masvan_g-mas.png,35.75,215,60,17,T,109,,VAN,ALL SEASON,None Runflat,C,B,73,2,6,Linglong,G-MASVAN
1956015VLIGREENMAXHP01088,6.95996E+12,221012839,195/60R15 88V LINGLONG GREENMAX HP010,Tyres,https://dcjqgkl774ppl.cloudfront.net/tyrecat/linglong/greenmaxhp010_hp010.png,18.25,195,60,15,V,88,,CAR,SUMMER,None Runflat,C,B,71,2,2,Linglong,GREENMAX HP010
2255518VLIGREENMAX4X498,6.95996E+12,221028703,225/55R18 98V LINGLONG GREENMAX 4X4,Tyres,https://dcjqgkl774ppl.cloudfront.net/tyrecat/linglong/greenmax4x4_greenmax-4x4-hp.png,32.75,225,55,18,V,98,,4X4 / SUV,SUMMER,None Runflat,C,C,71,2,2,Linglong,GREENMAX 4X4
2155518VLIGREENMAX4X499XL,6.95996E+12,221033288,215/55R18 99V LINGLONG GREENMAX 4X4 XL,Tyres,https://dcjqgkl774ppl.cloudfront.net/tyrecat/linglong/greenmax4x4_greenmax-4x4-hp.png,29.15,215,55,18,V,99,XL,4X4 / SUV,SUMMER,None Runflat,C,C,72,2,6,Linglong,GREENMAX 4X4
2256517HLIGREENMAXHP010102,6.95996E+12,221029340,225/65R17 102H LINGLONG GREENMAX HP010 / 4X4 HP,Tyres,https://dcjqgkl774ppl.cloudfront.net/tyrecat/linglong/greenmaxhp010_hp010.png,33.45,225,65,17,H,102,,CAR,SUMMER,None Runflat,C,B,71,2,1,Linglong,GREENMAX HP010
2156017HLIGREENMAXHP01096,6.95996E+12,221024050,215/60R17 96H LINGLONG GREENMAX HP010,Tyres,https://dcjqgkl774ppl.cloudfront.net/tyrecat/linglong/greenmaxhp010_hp010.png,26.75,215,60,17,H,96,,CAR,SUMMER,None Runflat,C,B,71,2,5,Linglong,GREENMAX HP010
75016NMI110181,3.5287E+12,110181,7.50R16 116N MICHELIN 4X4 O/R XZL,Tyres,https://dcjqgkl774ppl.cloudfront.net/58/MODEL/6.jpg,145.79,7.5,100,16,N,116,,4X4 / SUV,SUMMER,None Runflat,F,B,76,3,1,MICHELIN,4X4 O/R XZL
2154517WLIGREENMAX91,6.95996E+12,221025953,215/45R17 91W LINGLONG GREENMAX,Tyres,https://dcjqgkl774ppl.cloudfront.net/tyrecat/linglong/greenmax_greenmax.png,27.65,215,45,17,W,91,,CAR,SUMMER,None Runflat,D,B,72,2,1,Linglong,Greenmax
2156516HLIGREENMAXHP01098,6.95996E+12,221024887,215/65R16 98H LINGLONG GREENMAX HP010,Tyres,https://dcjqgkl774ppl.cloudfront.net/tyrecat/linglong/greenmaxhp010_hp010.png,31.15,215,65,16,H,98,,CAR,SUMMER,None Runflat,C,B,71,2,4,Linglong,GREENMAX HP010
1955015VAVS460115,4.03853E+12,589828,195/50R15 AVON ZV7 BSW 82V,Tyres,https://dcjqgkl774ppl.cloudfront.net/tyrecat/zv7.png,32.95,195,50,15,V,82,,CAR,SUMMER,None Runflat,E,A,69,2,1,AVON,ZV7 BSW
2755517VRECO0001,,,275/55R17 109V ECONOMY CAR,Tyres,https://dcjqgkl774ppl.cloudfront.net/58/MODEL/economyhouse.png,55.95,275,55,17,V,109,,CAR,SUMMER,None Runflat,C,C,72,2,2,ECONOMY,House Economy
2554517ZCO0350959000,4.01924E+12,3509590000,255/45R17 CONTINENTAL CONTISPORTCONTACT 5 98W SSR,Tyres,https://dcjqgkl774ppl.cloudfront.net/tyrecat/contisportcontact-5-internet-version.jpg,111.95,255,45,17,W,98,,CAR,SUMMER,Runflat,E,B,72,2,1,CONTINENTAL,CONTISPORTCONTACT 5
1956016HLIGREENMAXHP01089,6.95996E+12,221024876,195/60R16 89H LINGLONG GREENMAX HP010,Tyres,https://dcjqgkl774ppl.cloudfront.net/tyrecat/linglong/greenmaxhp010_hp010.png,22.65,195,60,16,H,89,,CAR,SUMMER,None Runflat,C,B,71,2,7,Linglong,GREENMAX HP010
1955015VKUECSTAHS5282,8.80896E+12,2303363,195/50R15 82V KUMHO ECSTA HS52,Tyres,https://dcjqgkl774ppl.cloudfront.net/tyrecat/kumho/ecstahs52_hs52.png,32.86,195,50,15,V,82,,C0,110,None Runflat,D,A,71,2,1,KUMHO,ECSTA HS52
1658017115,,,165/80R17 SPACE SAVER TYRE,Tyres,https://dcjqgkl774ppl.cloudfront.net/tyrecat/cst_17.png,56.25,165,80,17,,115,,,,None Runflat,,,,,18,,
1956516VDADX39092,5.06041E+12,505521,195/65R16 92V DAVANTI DX390,Tyres,https://dcjqgkl774ppl.cloudfront.net/tyrecat/davanti/dx-390_dx390_angle_shadow_website.png,54.95,195,65,16,V,92,,CAR,SUMMER,None Runflat,C,A,68,1,1,DAVANTI,DX390
2254020ZPI2750500,8.01923E+12,2750500,225/40R20 PIRELLI P-ZERO (PZ4) 94Y XL R/F (*),Tyres,https://dcjqgkl774ppl.cloudfront.net/tyrecat/pzero.png,169.83,225,40,20,Y,94,XL,CAR,SUMMER,Runflat,B,A,69,1,1,PIRELLI,P-ZERO (PZ4)
2853522YVRQUATRACPRO106XL,8.71469E+12,8.71469E+12,285/35R22 106Y VREDESTEIN QUATRAC PRO XL,Tyres,https://dcjqgkl774ppl.cloudfront.net/tyrecat/quatrac-pro.png,170.02,285,35,22,Y,106,XL,4X4 / SUV,ALL SEASON,None Runflat,,,,,1,VREDESTEIN,QUATRAC PRO
1755515HDADX39077,5.06041E+12,505567,175/55R15 77H DAVANTI DX390,Tyres,https://dcjqgkl774ppl.cloudfront.net/tyrecat/davanti/dx-390_dx390_angle_shadow_website.png,38.95,175,55,15,H,77,,CAR,SUMMER,None Runflat,D,B,68,1,2,DAVANTI,DX390
2553519YLISPORTMASTERSA22096XL,6.95996E+12,221024310,255/35R19 96Y LINGLONG SPORT MASTER SA220 XL,Tyres,https://dcjqgkl774ppl.cloudfront.net/tyrecat/linglong/sportmaster_sportmaster.png,35.45,255,35,19,Y,96,XL,,,None Runflat,C,A,70,1,4,Linglong,SPORT MASTER SA220
2154018ZHA1019396,8.80856E+12,1019396,215/40R18 HANKOOK K117B VENTUS S1 EVO2 85Y RFT REP,Tyres,https://dcjqgkl774ppl.cloudfront.net/tyrecat/k117b.png,80.65,215,40,18,Y,85,,CAR,SUMMER,Runflat,E,B,71,2,1,HANKOOK,K117B VENTUS S1 EVO2
2155518VGOEFFICIENTGRIPPERFORMANCE299XL,4.03853E+12,724206,215/55R18 99V GOODYEAR EFFICIENTGRIP PERFORMANCE 2 XL EVR,Tyres,https://dcjqgkl774ppl.cloudfront.net/tyrecat/goodyear/efficientgripperformance2_efficentgrip-performance-2.png,92.16,215,55,18,V,99,XL,C0,100,None Runflat,A,A,70,2,1,GOODYEAR,EFFICIENTGRIP PERFORMANCE 2
1258017MCO0351987000,4.01924E+12,3519870000,125/80R17 99M CONTINENTAL CST 17 MO,Tyres,https://dcjqgkl774ppl.cloudfront.net/tyrecat/cst_17.png,74.1,125,80,17,M,99,,CAR,SUMMER,None Runflat,E,E,2,71,3,CONTINENTAL,CST 17
2356018VLIGREENMAX4X4107,6.95996E+12,221026689,235/60R18 107V LINGLONG GREENMAX 4X4,Tyres,https://dcjqgkl774ppl.cloudfront.net/tyrecat/linglong/greenmax4x4_greenmax-4x4-hp.png,38.55,235,60,18,V,107,,4X4 / SUV,SUMMER,None Runflat,D,C,72,2,4,Linglong,GREENMAX 4X4
2553521ZPI2764300,8.01923E+12,2764300,255/35R21 PIRELLI P-ZERO (PZ4) 98Y XL (AO)NCS,Tyres,http://images.tyresoft.biz/tyrecat/pzero.png,199.42,255,35,21,Y,98,XL,CAR,SUMMER,None Runflat,C,B,70,1,1,PIRELLI,P-ZERO (PZ4)
2256018VLALS388104XL,6.90053E+12,6.90053E+12,225/60R18 104V LANDSAIL LS388 XL,Tyres,https://dcjqgkl774ppl.cloudfront.net/tyrecat/ls388.png,51.95,225,60,18,V,104,XL,CAR,SUMMER,None Runflat,B,B,68,2,1,LANDSAIL,LS388
2454019WBRTURANZAT00594,3.28634E+12,17646,245/40R19 94W BRIDGESTONE TURANZA T005,Tyres,https://dcjqgkl774ppl.cloudfront.net/tyrecat/t005-.png,110.44,245,40,19,W,94,,CAR,SUMMER,None Runflat,B,A,71,2,1,BRIDGESTONE,TURANZA T005
2953521ZYOF8199,,F8199,295/35R21 107Y YOKOHAMA ADVAN SPORT V105T N2,Tyres,https://dcjqgkl774ppl.cloudfront.net/58/MODEL/v105t.png,106.95,295,35,21,Y,107,Y,4X4 / SUV,Summer,None Runflat,E,A,74,2,2,YOKOHAMA,V105T
213,3.5287E+12,342995,245/75 R16 BFGOODRICH MUD TERRAIN T/A KM2 120Q,Tyres,https://dcjqgkl774ppl.cloudfront.net/tyrecat/mud_terrain_t-a_km2.png,176.25,245,75,16,Q,120/116,,4X4 / SUV,SUMMER,None Runflat,G,C,76,3,1,BFGOODRICH,MUD TERRAIN T/A KM2
2355519WBRTURANZA6105XL,3.28634E+12,20561,235/55R19 105W BRIDGESTONE TURANZA 6 XL,Tyres,https://dcjqgkl774ppl.cloudfront.net/tyrecat/bridgestone/turanza6_turanza_6.png,101.56,235,55,19,W,105,XL,4X4 / SUV,SUMMER,None Runflat,A,A,70,2,4,BRIDGESTONE,TURANZA 6
1758014TKUWP5188,8.80896E+12,2232903,175/80R14 88T KUMHO WP51,Tyres,https://dcjqgkl774ppl.cloudfront.net/tyrecat/wp51.png,32.9,175,80,14,T,88,,CAR,WINTER,None Runflat,D,C,70,2,2,KUMHO,WP51
2555518VRECOSUV0001,,,255/55R18 109H ECONOMY XL,Tyres,https://dcjqgkl774ppl.cloudfront.net/58/MODEL/economyhouse.png,48.95,,,,,,,,,None Runflat,,,,,1,ECONOMY,House Economy
2054517WHA1022632,8.80856E+12,1022632,205/45R17 88W HANKOOK VENTUS S1 EVO3 K127 XL BMW *,Tyres,https://dcjqgkl774ppl.cloudfront.net/tyrecat/k127.png,71.05,205,45,17,W,88,XL,CAR,SUMMER,None Runflat,A,A,68,1,3,HANKOOK,VENTUS S1 EVO3 K127
2455018ZDU520511,4.03853E+12,520511,245/50R18 DUNLOP SP SPORTMAXX GT 100W DSST *RSC,Tyres,http://images.tyresoft.biz/tyrecat/sp_sportmaxx_gt.jpg,123.85,245,50,18,W,100,,CAR,SUMMER,Runflat,E,B,67,1,2,DUNLOP,SP SPORTMAXX GT
2254518YVRULTRACVORTI+95XL,8.71469E+12,,225/45R18 95Y VREDESTEIN ULTRAC VORTI+ XL,Tyres,https://dcjqgkl774ppl.cloudfront.net/tyrecat/vredestein/ultracvorti_plus_ultrac_vorti_plus.png,80,225,45,18,Y,95,XL,CAR,SUMMER,None Runflat,D,B,70,2,1,VREDESTEIN,ULTRAC VORTI+
2058016NYOGEOLANDARX-MTG005*POR116/114,4.96881E+12,E4874,205/80R16 116/114N YOKOHAMA GEOLANDAR X-MT G005 *POR,Tyres,https://dcjqgkl774ppl.cloudfront.net/tyrecat/yokohama/g005_g005.png,135.85,205,80,16,N,116/114,,CAR,SUMMER,None Runflat,,,,,1,YOKOHAMA,GEOLANDAR X-MT G005 *POR
2257015HHIHF201100,6.95391E+12,200H2084,225/70R15 100H HIFLY HF201,Tyres,https://dcjqgkl774ppl.cloudfront.net/tyrecat/hf201.png,41.9,225,70,15,H,100,,CAR,SUMMER,None Runflat,D,C,71,2,1,HIFLY,HF201
1755013VYOA53972,4.96881E+12,R6095,175/50R13 72V YOKOHAMA A539,Tyres,https://dcjqgkl774ppl.cloudfront.net/tyrecat/a539.jpg,77.85,175,50,13,V,72,,CAR,SUMMER,None Runflat,D,C,69,2,1,YOKOHAMA,A539
2754018ZPI2479000,8.01923E+12,2479000,275/40R18 PIRELLI CINTURATO P7 99Y R/F (*)(MOE),Tyres,https://dcjqgkl774ppl.cloudfront.net/tyrecat/pirelli-cinturato-p7.jpg,159.23,275,40,18,Y,99,,CAR,SUMMER,Runflat,C,A,70,2,1,PIRELLI,CINTURATO P7
2554019YDAPROTOURASPORT100XL,5.06041E+12,505646,255/40R19 100Y DAVANTI PROTOURA SPORT XL,Tyres,https://dcjqgkl774ppl.cloudfront.net/tyrecat/davanti/protourasport_protourasport_angle_shadow_website.png,81.95,255,40,19,Y,100,XL,CAR,SUMMER,None Runflat,C,A,70,2,3,DAVANTI,PROTOURA SPORT
2354019YDAPROTOURASPORT96XL,5.06041E+12,505644,235/40R19 96Y DAVANTI PROTOURA SPORT XL,Tyres,https://dcjqgkl774ppl.cloudfront.net/tyrecat/davanti/protourasport_protourasport_angle_shadow_website.png,86.95,235,40,19,Y,96,XL,CAR,SUMMER,None Runflat,D,B,70,2,2,DAVANTI,PROTOURA SPORT
2553520YMIPILOTSPORT497XL,3.5287E+12,352634,255/35R20 97Y MICHELIN PILOT SPORT 4 XL *,Tyres,https://dcjqgkl774ppl.cloudfront.net/tyrecat/pilot-sport_4.png,144.18,255,35,20,Y,97,XL,CC,110,None Runflat,B,B,72,2,1,MICHELIN,PILOT SPORT 4
18514RGR221002750,,221002750,"185R14 102/100R GT RADIAL ""DEMOUNT LIKE NEW""",Tyres,https://dcjqgkl774ppl.cloudfront.net/58/MODEL/economyhouse.png,30.45,185,80,14,Q,104,XL,VAN,SUMMER,None Runflat,E,C,72,2,1,ECONOMY,House Economy Van
2754019ZPI2569600,8.01923E+12,2569600,275/40R19 PIRELLI WINTER SOTTOZERO 3 101W (MGT),Tyres,https://dcjqgkl774ppl.cloudfront.net/tyrecat/pirelli-winter-sottozero-3.png,315.95,275,40,19,W,101,,CAR,WINTER,None Runflat,D,B,73,2,1,PIRELLI,WINTER SOTTOZERO 3
2754022ZPI3432300,8.01923E+12,3432300,275/40R22 PIRELLI SCORPION ZERO ALL SE 108Y XL (LR)NCS,Tyres,https://dcjqgkl774ppl.cloudfront.net/tyrecat/scorpion_zero_all_season.png,202.96,275,40,22,Y,108,XL,4X4 / SUV,ALL SEASON,None Runflat,A,B,69,1,1,PIRELLI,SCORPION ZERO ALL SE
2455018ZPI2467700,8.01923E+12,2467700,"245/50R18 PIRELLI CINTURATO P7 100Y (*) ""SPECIAL TO CLEAR WAS £208.00""",Tyres,https://dcjqgkl774ppl.cloudfront.net/tyrecat/pirelli-cinturato-p7.jpg,116.4,245,50,18,Y,100,,CAR,SUMMER,None Runflat,B,B,68,1,1,PIRELLI,CINTURATO P7
2055017WDAPROTOURASPORT93XL,5.06041E+12,505502,205/50R17 93W DAVANTI PROTOURA SPORT XL,Tyres,https://dcjqgkl774ppl.cloudfront.net/tyrecat/davanti/protourasport_protourasport_angle_shadow_website.png,52.95,205,50,17,W,93,XL,CAR,SUMMER,None Runflat,C,B,70,2,2,DAVANTI,PROTOURA SPORT
2554519YBRTURANZAT005104XL,3.28634E+12,12827,255/45R19 104Y BRIDGESTONE TURANZA T005 XL MO,Tyres,https://dcjqgkl774ppl.cloudfront.net/tyrecat/t005-.png,141.15,255,45,19,Y,104,XL,CAR,SUMMER,None Runflat,A,A,69,1,2,BRIDGESTONE,TURANZA T005
2753520YGOEAGLEF1(ASYMMETRIC)2102XLROF,4.03853E+12,724026,275/35R20 102Y GOODYEAR EAGLE F1 (ASYMMETRIC) 2 XL ROF MOEXTENDED|EVR,Tyres,https://dcjqgkl774ppl.cloudfront.net/tyrecat/eagle_f1_asym_2.png,202.93,275,35,20,Y,102,XL,C0,100,Runflat,C,A,72,2,1,GOODYEAR,EAGLE F1 (ASYMMETRIC) 2
52988,4.02407E+12,3633790000,205/45R17 88V UNIROYAL ALLSEASONEXPERT 2 XL,Tyres,https://dcjqgkl774ppl.cloudfront.net/tyrecat/allseasonexpert2.png,72.73,205,45,17,V,88,XL,CAR,ALL SEASON,None Runflat,D,C,72,2,1,UNIROYAL,ALLSEASONEXPERT 2
16438,3.28634E+12,13844,225/60R17 99H FIRESTONE ROADHAWK,Tyres,https://dcjqgkl774ppl.cloudfront.net/tyrecat/roadhawk.png,65.55,225,60,17,H,99,,4X4 / SUV,SUMMER,None Runflat,C,A,71,2,4,FIRESTONE,RoadHawk
1756515HWEZ-107ZUPPERECO84,6.93811E+12,6.93811E+12,175/65R15 84H WESTLAKE Z-107 ZUPPERECO,Tyres,https://dcjqgkl774ppl.cloudfront.net/tyrecat/pr28.png,23.25,175,65,15,H,84,,,,None Runflat,D,B,70,2,2,Westlake,Z-107 ZUPPERECO
2554519YHAVENTUSS1EVO3K127104XL-1,8.80856E+12,1024288,255/45R19 104Y HANKOOK VENTUS S1 EVO3 K127 XL,Tyres,https://dcjqgkl774ppl.cloudfront.net/tyrecat/k127.png,123.67,255,45,19,Y,104,XL,CAR,SUMMER,None Runflat,C,A,73,2,1,HANKOOK,VENTUS S1 EVO3 K127
2255018VBR17721,3.28634E+12,17721,225/50R18 BRIDGESTONE TURANZA T005A 95V RFT SPECIAL PRICE SELL**** 1 ONLY,Tyres,https://dcjqgkl774ppl.cloudfront.net/tyrecat/t005a.png,111.47,225,50,18,V,95,,CAR,SUMMER,Runflat,E,C,71,2,1,BRIDGESTONE,TURANZA T005A
1656513HDEDH277,6.90153E+12,6.90153E+12,165/65R13 77H DELINTE DH2,Tyres,https://dcjqgkl774ppl.cloudfront.net/tyrecat/dh2.jpg,14.95,165,65,13,H,77,,CAR,SUMMER,None Runflat,D,B,70,2,3,DELINTE,DH2
1956515HDEDH291,6.90153E+12,6.90153E+12,195/65R15 91H DELINTE DH2,Tyres,https://dcjqgkl774ppl.cloudfront.net/tyrecat/dh2.jpg,22.35,195,65,15,H,91,,CAR,SUMMER,None Runflat,D,B,71,2,1,DELINTE,DH2
2157015HDEDH298,6.90153E+12,6.90153E+12,215/70R15 98H DELINTE DH2 - ( CAR/4X4 ),Tyres,https://dcjqgkl774ppl.cloudfront.net/tyrecat/dh2.jpg,35.95,215,70,15,H,98,,CAR,ALL SEASON,None Runflat,C,C,71,2,4,DELINTE,DH2
2156516TDEDV2109,6.90153E+12,6.90153E+12,215/65R16C 109T DELINTE DV2,Tyres,https://dcjqgkl774ppl.cloudfront.net/tyrecat/dv2.jpg,32.25,215,65,16,T,109,,VAN,SUMMER,None Runflat,D,B,72,2,1,DELINTE,DV2
2754520WVNN0001,,,275/45R20 ECONOMY SUV 110V,Tyres,https://dcjqgkl774ppl.cloudfront.net/58/MODEL/economyhouse.png,66,275,45,20,V,110,XL,CAR,SUMMER,None Runflat,E,B,75,3,2,ECONOMY,House Economy
2754521YDADX640110XL,5.06041E+12,505152,275/45R21 110Y DAVANTI DX640 XL,Tyres,https://dcjqgkl774ppl.cloudfront.net/tyrecat/dx640.png,107.95,275,45,21,Y,110,XL,CAR,SUMMER,None Runflat,B,B,70,1,1,DAVANTI,DX640
1955516HMIEPRIMACY91XL-1,3.5287E+12,155339,195/55R16 91H MICHELIN E PRIMACY XL S1,Tyres,https://dcjqgkl774ppl.cloudfront.net/tyrecat/michelin/eprimacy_e-primacy.png,93.98,195,55,16,H,91,XL,CC,110,None Runflat,A,B,69,1,1,MICHELIN,E PRIMACY
1655514HYO1655514ES32H,4.96881E+12,R2408,165/55R14 YOKOHAMA ES32 72H,Tyres,http://images.tyresoft.biz/tyrecat/es32.png,32.15,165,55,14,H,72,,CAR,SUMMER,None Runflat,C,C,68,2,1,YOKOHAMA,ES32
2453520YMIPILOTSPORT595XL,3.52871E+12,688028,245/35R20 95Y MICHELIN PILOT SPORT 5 XL,Tyres,https://dcjqgkl774ppl.cloudfront.net/tyrecat/michelin/pilotsport5_pilot5.png,160.34,245,35,20,Y,95,XL,CC,110,None Runflat,C,A,72,2,2,MICHELIN,PILOT SPORT 5
2054018YDEDS7SPORT86XL,6.92111E+12,6.92111E+12,205/40R18 86Y DELINTE DS7 SPORT XL,Tyres,https://dcjqgkl774ppl.cloudfront.net/tyrecat/ds7sport.png,34.95,205,40,18,Y,86,XL,,SUMMER,None Runflat,D,C,72,2,2,DELINTE,DS7 SPORT
2054517WNENFERASU188XL,8.80762E+12,12725NX,205/45R17 88W NEXEN N FERA SU1 XL,Tyres,https://dcjqgkl774ppl.cloudfront.net/tyrecat/nfera_su1.png,47.95,205,45,17,W,88,XL,CAR,SUMMER,None Runflat,C,B,72,2,1,NEXEN,N FERA SU1
6508016NGTSUPER-T668108/107,6.93288E+12,100A1702,650/80R16 108/107N GT RADIAL SUPER-T 668,Tyres,https://dcjqgkl774ppl.cloudfront.net/tyrecat/super-traveler-668.jpg,78.4,650,80,16,N,108/107,,VAN,SUMMER,None Runflat,E,C,69,1,1,GT RADIAL,SUPER-T 668
2754521ZPI3257700,8.01923E+12,3257700,275/45R21 PIRELLI SCORPION VERDE ALL S 110W XL (LR)NCS,Tyres,http://images.tyresoft.biz/tyrecat/scorpion_verde_all_season.png,151.35,275,45,21,W,110,XL,4X4 / SUV,ALL SEASON,None Runflat,C,B,72,2,1,PIRELLI,SCORPION VERDE ALL S
2454520HPI3085600,8.01923E+12,3085600,245/45R20 PIRELLI SCORPION ZERO ALL SE 103H XL (VOL),Tyres,http://images.tyresoft.biz/tyrecat/scorpion_zero_all_season.png,99.95,245,45,20,H,103,XL,4X4 / SUV,ALL SEASON,None Runflat,B,B,69,1,1,PIRELLI,SCORPION ZERO ALL SE
2453520ZMI724271,3.52871E+12,724271,245/35R20 MICHELIN PILOT SPORT 3 95Y XL ZP * MOE,Tyres,https://dcjqgkl774ppl.cloudfront.net/tyrecat/pilot-sport3.png,184.27,245,35,20,Y,95,XL,CAR,SUMMER,Runflat,C,A,70,2,1,MICHELIN,PILOT SPORT 3
1656514TDEDS279,6.92111E+12,6.92111E+12,165/65R14 79T DELINTE DS2,Tyres,https://dcjqgkl774ppl.cloudfront.net/tyrecat/dh2.jpg,14.45,165,65,14,T,79,,CAR,SUMMER,None Runflat,C,B,69,1,1,DELINTE,DS2
2354518YMI149203,3.5287E+12,149203,235/45R18 98Y MICHELIN PILOT SPORT 4 XL ACC T0,Tyres,https://dcjqgkl774ppl.cloudfront.net/tyrecat/pilot-sport_4.png,146.6,235,45,18,Y,98,XL,CAR,SUMMER,None Runflat,B,B,71,2,3,MICHELIN,PILOT SPORT 4
2356516RCOVANCONTACTECO121/119,4.01924E+12,4517270000,235/65R16 121/119R CONTINENTAL VANCONTACT ECO EVC,Tyres,https://dcjqgkl774ppl.cloudfront.net/tyrecat/vanco-eco-tire-image.png,128.65,235,65,16,R,121/119,,L0,110,None Runflat,A,A,72,2,2,CONTINENTAL,VANCONTACT ECO
2055519VMIEPRIMACY97XL,3.52871E+12,706051,205/55R19 97V MICHELIN E PRIMACY XL S1,Tyres,https://dcjqgkl774ppl.cloudfront.net/tyrecat/michelin/eprimacy_e-primacy.png,74.95,205,55,19,V,97,XL,CAR,SUMMER,None Runflat,A,A,70,2,2,MICHELIN,E PRIMACY
1956515VMIPRIMACY491,3.5287E+12,414966,195/65R15 91V MICHELIN PRIMACY 4,Tyres,https://dcjqgkl774ppl.cloudfront.net/tyrecat/primacy_4.png,61.16,195,65,15,V,91,,CAR,SUMMER,None Runflat,C,A,68,1,1,MICHELIN,PRIMACY 4
2157516SAPRL106116/114,6.95031E+12,,215/75R16 116/114S APTANY RL106,Tyres,https://dcjqgkl774ppl.cloudfront.net/tyrecat/rl106.png,33.9,215,75,16,S,116/114,,VAN,SUMMER,None Runflat,C,B,70,2,3,APTANY,RL106
2653518WAPRA30197XL,6.95031E+12,6.95031E+12,265/35R18 97W APTANY RA301 XL,Tyres,https://dcjqgkl774ppl.cloudfront.net/tyrecat/ra301.png,31.95,265,35,18,W,97,XL,CAR,SUMMER,None Runflat,C,B,72,2,1,APTANY,RA301
2553519ZPI2390100,8.01923E+12,2390100,255/35R19 PIRELLI P ZERO 96Y XL,Tyres,https://dcjqgkl774ppl.cloudfront.net/tyrecat/pzero.png,114.89,255,35,19,Y,96,XL,CAR,SUMMER,None Runflat,D,B,73,2,1,PIRELLI,P Zero
2455020WKUSAFYM06102,6.97485E+12,21031KU,245/50R20 102W KUSTONE SAFY M06,Tyres,https://dcjqgkl774ppl.cloudfront.net/tyrecat/kustone/safym06_safym06.png,64.9,245,50,20,W,102,,,,None Runflat,D,C,72,2,1,KUSTONE,SAFY M06
2554520YDAPROTOURASPORT105XL,5.06041E+12,505519,255/45R20 105Y DAVANTI PROTOURA SPORT XL,Tyres,https://dcjqgkl774ppl.cloudfront.net/tyrecat/davanti/protourasport_protourasport_angle_shadow_website.png,94.95,255,45,20,Y,105,XL,CAR,SUMMER,None Runflat,C,B,70,2,2,DAVANTI,PROTOURA SPORT
1556015TVRQUATRAC574,8.71469E+12,8.71469E+12,155/60R15 74T VREDESTEIN QUATRAC 5,Tyres,http://images.tyresoft.biz/tyrecat/quatrac_5.png,43.17,155,60,15,T,74,,CAR,ALL SEASON,None Runflat,D,C,69,2,1,VREDESTEIN,QUATRAC 5
3.506VRV20,8.71469E+12,,3.5/0R6 VREDESTEIN V20,Tyres,https://dcjqgkl774ppl.cloudfront.net/tyrecat/v20.jpg,9.84,3.5,0,6,,,,INDUSTRIAL,,None Runflat,,,,,1,VREDESTEIN,V20
2254019YCOSPORTCONTACT793XL,4.01924E+12,3113820000,225/40R19 93Y CONTINENTAL SPORTCONTACT 7 XL EVC,Tyres,https://dcjqgkl774ppl.cloudfront.net/tyrecat/continental/sportcontact7_sportcontact7.jpg,122.46,225,40,19,Y,93,XL,CAR,SUMMER,None Runflat,C,A,72,2,1,CONTINENTAL,SPORTCONTACT 7
2254018YUNRAINSPORT592XL,4.02407E+12,3610540000,225/40R18 92Y UNIROYAL RAINSPORT 5 XL,Tyres,https://dcjqgkl774ppl.cloudfront.net/tyrecat/uniroyal/rainsport5_rainsport5.png,55.05,225,40,18,Y,92,XL,CAR,SUMMER,None Runflat,C,A,72,2,2,UNIROYAL,Rainsport 5
2455018ZPI2136900,8.01923E+12,2136900,"245/50R18 PIRELLI CINTURATO P7 100W R/F (*) ""SPECIAL TO CLEAR WAS £208.00""",Tyres,https://dcjqgkl774ppl.cloudfront.net/tyrecat/pirelli-cinturato-p7.jpg,120.05,245,50,18,W,100,,CAR,SUMMER,Runflat,D,B,71,2,1,PIRELLI,CINTURATO P7
1956516RNEROADIANCT8104,8.80762E+12,13793NX,195/65R16 104R NEXEN ROADIAN CT8,Tyres,https://dcjqgkl774ppl.cloudfront.net/tyrecat/roadian_ct8.png,55.15,195,65,16,R,104,,4X4 / SUV,SUMMER,None Runflat,C,B,70,2,2,NEXEN,Roadian CT8
2754020WDED8106XL,6.92111E+12,6.92111E+12,275/40R20 106W DELINTE DS8 XL,Tyres,https://dcjqgkl774ppl.cloudfront.net/tyrecat/d8.jpg,45.95,275,40,20,W,106,XL,4X4 / SUV,SUMMER,None Runflat,D,C,73,2,2,DELINTE,D8
2356016HDEDH7100,6.90153E+12,6.90153E+12,235/60R16 100H DELINTE DH7,Tyres,https://dcjqgkl774ppl.cloudfront.net/tyrecat/dh7.jpg,27.85,235,60,16,H,100,,4X4 / SUV,SUMMER,None Runflat,D,C,71,2,2,DELINTE,DH7
2355517WDEDH7SUV103,6.90153E+12,6.90153E+12,235/55R17 103W DELINTE DH7SUV,Tyres,https://dcjqgkl774ppl.cloudfront.net/tyrecat/dh7.jpg,31.45,235,55,17,W,103,,4X4 / SUV,SUMMER,None Runflat,D,B,72,2,1,DELINTE,DH7SUV
2356517HDEDH7SUV108,6.90153E+12,6.90153E+12,235/65R17 108H DELINTE DH7SUV,Tyres,https://dcjqgkl774ppl.cloudfront.net/tyrecat/dh7.jpg,40.95,235,65,17,H,108,,4X4 / SUV,SUMMER,None Runflat,D,C,73,3,2,DELINTE,DH7SUV
2256517HDEDH7SUV102,6.90153E+12,6.90153E+12,225/65R17 102H DELINTE DH7SUV,Tyres,https://dcjqgkl774ppl.cloudfront.net/tyrecat/dh7.jpg,33.4,225,65,17,H,102,,4X4 / SUV,SUMMER,None Runflat,D,B,71,2,2,DELINTE,DH7SUV
2055016VNENBLUEHDPLUS3R87,8.80762E+12,14098NX,205/50R16 87V NEXEN NBLUE HD PLUS 3R,Tyres,https://dcjqgkl774ppl.cloudfront.net/tyrecat/nblue-hd-plus.jpg,49.4,205,50,16,V,87,,CAR,SUMMER,None Runflat,C,B,69,2,1,NEXEN,NBLUE HD PLUS 3R
1558518MPI2695000,8.01923E+12,2695000,155/85R18 PIRELLI SPARE TYRE 115M (J)(LR),Tyres,https://dcjqgkl774ppl.cloudfront.net/tyrecat/pirelli-spare.png,48.8,155,85,18,M,115,,CAR,SUMMER,None Runflat,,,,,5,PIRELLI,SPARE TYRE
